{"cameraMode":{"drawMode":0,"name":"Shaded","section":"Shading Mode"},"sceneLighting":true,"audioPlay":false,"sceneViewState":{"showFog":true,"showMaterialUpdate":false,"showSkybox":true,"showFlares":true,"showImageEffects":true,"showParticleSystems":true},"in2DMode":false,"pivot":{"x":-1.2279300689697266,"y":-26.521472930908204,"z":-21.838348388671876},"rotation":{"x":0.0032526697032153608,"y":0.983891487121582,"z":-0.1778276115655899,"w":0.018007127568125726},"size":150.39068603515626,"orthographic":false}