{"cameraMode":{"drawMode":0,"name":"Shaded","section":"Shading Mode"},"sceneLighting":true,"audioPlay":false,"sceneViewState":{"showFog":true,"showMaterialUpdate":false,"showSkybox":true,"showFlares":true,"showImageEffects":true,"showParticleSystems":true},"in2DMode":false,"pivot":{"x":-1.2933273315429688,"y":-2.2962589263916017,"z":-17.659616470336915},"rotation":{"x":0.027860719710588456,"y":0.9702472686767578,"z":-0.13654018938541413,"w":0.19799208641052247},"size":70.76152801513672,"orthographic":false}