{"cameraMode":{"drawMode":0,"name":"Shaded","section":"Shading Mode"},"sceneLighting":true,"audioPlay":false,"sceneViewState":{"showFog":true,"showMaterialUpdate":false,"showSkybox":true,"showFlares":true,"showImageEffects":true,"showParticleSystems":true},"in2DMode":false,"pivot":{"x":15.106170654296875,"y":5.253719329833984,"z":-36.26732635498047},"rotation":{"x":-0.049152474850416186,"y":-0.9299831986427307,"z":0.1351497322320938,"w":-0.33830443024635317},"size":119.03707885742188,"orthographic":false}