{"cameraMode":{"drawMode":0,"name":"Shaded","section":"Shading Mode"},"sceneLighting":true,"audioPlay":false,"sceneViewState":{"showFog":true,"showMaterialUpdate":false,"showSkybox":true,"showFlares":true,"showImageEffects":true,"showParticleSystems":true},"in2DMode":false,"pivot":{"x":1.9898176193237305,"y":-8.011512756347657,"z":-0.4377613067626953},"rotation":{"x":0.02047508955001831,"y":0.9795284271240234,"z":-0.1438438445329666,"w":0.13933324813842774},"size":19.47477912902832,"orthographic":false}