{"cameraMode":{"drawMode":0,"name":"Shaded","section":"Shading Mode"},"sceneLighting":true,"audioPlay":false,"sceneViewState":{"showFog":true,"showMaterialUpdate":false,"showSkybox":true,"showFlares":true,"showImageEffects":true,"showParticleSystems":true},"in2DMode":false,"pivot":{"x":4.901577949523926,"y":-3.8352184295654299,"z":-7.981109619140625},"rotation":{"x":0.006947286427021027,"y":0.9878655076026917,"z":-0.14809833467006684,"w":0.04626549035310745},"size":61.9376335144043,"orthographic":false}