{"cameraMode":{"drawMode":0,"name":"Shaded","section":"Shading Mode"},"sceneLighting":true,"audioPlay":false,"sceneViewState":{"showFog":true,"showMaterialUpdate":false,"showSkybox":true,"showFlares":true,"showImageEffects":true,"showParticleSystems":true},"in2DMode":false,"pivot":{"x":0.7468162775039673,"y":-3.783379077911377,"z":8.058051109313965},"rotation":{"x":-0.024787187576293947,"y":0.9673839211463928,"z":-0.2293776124715805,"w":-0.10459396988153458},"size":3.463291645050049,"orthographic":false}