{"cameraMode":{"drawMode":0,"name":"Shaded","section":"Shading Mode"},"sceneLighting":true,"audioPlay":false,"sceneViewState":{"showFog":true,"showMaterialUpdate":false,"showSkybox":true,"showFlares":true,"showImageEffects":true,"showParticleSystems":true},"in2DMode":false,"pivot":{"x":0.07268970459699631,"y":-0.12565426528453828,"z":0.3418683707714081},"rotation":{"x":-0.024787187576293947,"y":0.9673839211463928,"z":-0.2293776124715805,"w":-0.10459396988153458},"size":2.8113036155700685,"orthographic":false}