{"cameraMode":{"drawMode":0,"name":"Shaded","section":"Shading Mode"},"sceneLighting":true,"audioPlay":false,"sceneViewState":{"showFog":true,"showMaterialUpdate":false,"showSkybox":true,"showFlares":true,"showImageEffects":true,"showParticleSystems":true},"in2DMode":false,"pivot":{"x":3.3760735988616945,"y":-1.124899983406067,"z":11.408502578735352},"rotation":{"x":-0.09825281798839569,"y":0.9009499549865723,"z":-0.31800422072410586,"w":-0.2784042954444885},"size":5.749403953552246,"orthographic":false}