{"cameraMode":{"drawMode":0,"name":"Shaded","section":"Shading Mode"},"sceneLighting":true,"audioPlay":false,"sceneViewState":{"showFog":true,"showMaterialUpdate":false,"showSkybox":true,"showFlares":true,"showImageEffects":true,"showParticleSystems":true},"in2DMode":false,"pivot":{"x":1.5037648677825928,"y":-3.2181389331817629,"z":8.494322776794434},"rotation":{"x":0.12293479591608048,"y":0.694718599319458,"z":-0.12233037501573563,"w":0.6980605125427246},"size":5.233431816101074,"orthographic":false}