{"cameraMode":{"drawMode":0,"name":"Shaded","section":"Shading Mode"},"sceneLighting":true,"audioPlay":false,"sceneViewState":{"showFog":true,"showMaterialUpdate":false,"showSkybox":true,"showFlares":true,"showImageEffects":true,"showParticleSystems":true},"in2DMode":false,"pivot":{"x":0.11356550455093384,"y":-0.6950662136077881,"z":4.964790344238281},"rotation":{"x":-0.00254691019654274,"y":-0.9974403381347656,"z":0.047913938760757449,"w":-0.053015872836112979},"size":29.041831970214845,"orthographic":false}